-- Sample data generated by AI

-- Populate Warehouses table
INSERT INTO Warehouses (name, address) VALUES 
('Main Warehouse', '123 Storage Blvd, Chicago, IL 60007'),
('East Coast Hub', '456 Logistics Way, Newark, NJ 07101'),
('West Distribution', '789 Pacific Dr, Oakland, CA 94607'),
('South Storage', '321 Freight St, Atlanta, GA 30303'),
('Central Depot', '654 Supply Rd, Dallas, TX 75201');

-- Populate Customers table
INSERT INTO Customers (name, email, phone) VALUES 
('Acme Corporation', 'orders@acme.com', '555-123-4567'),
('TechSolutions Inc', 'purchasing@techsolutions.com', '555-234-5678'),
('Global Retail Group', 'supply@globalretail.com', '555-345-6789'),
('Sunshine Industries', 'buy@sunshine-ind.com', '555-456-7890'),
('Mountain View LLC', 'procurement@mountainview.com', '555-567-8901'),
('Riverdale Enterprises', 'orders@riverdale.com', '555-678-9012'),
('Seaside Distributors', 'stock@seaside.com', '555-789-0123'),
('Urban Essentials', 'purchasing@urbanessentials.com', '555-890-1234'),
('Meadow Dynamics', 'supply@meadowdynamics.com', '555-901-2345'),
('Horizon Partners', 'orders@horizonpartners.com', '555-012-3456');

-- Populate Employees table with CEO as self-managed (manager_id = 1)
INSERT INTO Employees (name, email, role, manager_id) VALUES 
('James Wilson', 'james.wilson@company.com', 'CEO', 1);

-- Now add other employees with proper management hierarchy
INSERT INTO Employees (name, email, role, manager_id) VALUES 
('Emma Johnson', 'emma.johnson@company.com', 'Sales Director', 1),
('Michael Brown', 'michael.brown@company.com', 'Warehouse Director', 1),
('Sarah Davis', 'sarah.davis@company.com', 'HR Director', 1),
('David Miller', 'david.miller@company.com', 'Sales Manager', 2),
('Jennifer Martinez', 'jennifer.martinez@company.com', 'Customer Service Manager', 2),
('Robert Taylor', 'robert.taylor@company.com', 'Logistics Manager', 3),
('Lisa Anderson', 'lisa.anderson@company.com', 'Inventory Manager', 3),
('Thomas Garcia', 'thomas.garcia@company.com', 'Sales Representative', 5),
('Patricia Moore', 'patricia.moore@company.com', 'Sales Representative', 5),
('John Smith', 'john.smith@company.com', 'Warehouse Associate', 7),
('Rachel Lee', 'rachel.lee@company.com', 'Warehouse Associate', 7),
('Kevin White', 'kevin.white@company.com', 'Customer Service Rep', 6),
('Michelle Clark', 'michelle.clark@company.com', 'Customer Service Rep', 6),
('Daniel Scott', 'daniel.scott@company.com', 'Inventory Specialist', 8);

-- Populate Managers table
INSERT INTO Managers (employee_id, underlings) VALUES 
(1, '2,3,4'), -- CEO manages directors
(2, '5,6'), -- Sales Director manages Sales and Customer Service managers
(3, '7,8'), -- Warehouse Director manages Logistics and Inventory managers
(5, '9,10'), -- Sales Manager manages Sales Representatives
(6, '13,14'), -- Customer Service Manager manages CS Reps
(7, '11,12'), -- Logistics Manager manages Warehouse Associates
(8, '15'); -- Inventory Manager manages Inventory Specialist

-- Populate EmployeePayments table (last two months)
INSERT INTO EmployeePayments (date, employee_id, amount) VALUES 
-- March payments
('2025-03-01', 1, 980000), -- CEO
('2025-03-01', 2, 750000), -- Sales Director
('2025-03-01', 3, 730000), -- Warehouse Director
('2025-03-01', 4, 710000), -- HR Director
('2025-03-01', 5, 580000), -- Sales Manager
('2025-03-01', 6, 570000), -- Customer Service Manager
('2025-03-01', 7, 560000), -- Logistics Manager
('2025-03-01', 8, 550000), -- Inventory Manager
('2025-03-01', 9, 430000), -- Sales Rep
('2025-03-01', 10, 430000), -- Sales Rep
('2025-03-01', 11, 380000), -- Warehouse Associate
('2025-03-01', 12, 380000), -- Warehouse Associate
('2025-03-01', 13, 390000), -- CS Rep
('2025-03-01', 14, 390000), -- CS Rep
('2025-03-01', 15, 400000), -- Inventory Specialist
-- February payments
('2025-02-01', 1, 980000),
('2025-02-01', 2, 750000),
('2025-02-01', 3, 730000),
('2025-02-01', 4, 710000),
('2025-02-01', 5, 580000),
('2025-02-01', 6, 570000),
('2025-02-01', 7, 560000),
('2025-02-01', 8, 550000),
('2025-02-01', 9, 430000),
('2025-02-01', 10, 430000),
('2025-02-01', 11, 380000),
('2025-02-01', 12, 380000),
('2025-02-01', 13, 390000),
('2025-02-01', 14, 390000),
('2025-02-01', 15, 400000);

-- Populate Products table
INSERT INTO Products (name, price, amount, warehouse_id) VALUES 
('Laptop Pro', 120000, 50, 1),
('Smartphone X', 80000, 100, 2),
('Wireless Earbuds', 15000, 200, 1),
('Desktop Computer', 150000, 30, 3),
('Tablet 10"', 45000, 75, 2),
('Smart Watch', 25000, 150, 4),
('Bluetooth Speaker', 12000, 100, 5),
('Gaming Console', 50000, 40, 3),
('Digital Camera', 70000, 25, 1),
('Portable Charger', 5000, 300, 5),
('Wireless Mouse', 3000, 200, 4),
('External Hard Drive', 10000, 80, 2),
('27" Monitor', 35000, 45, 3),
('Keyboard Mechanical', 8000, 60, 4),
('Wireless Router', 9000, 70, 5);

-- Populate Sales table
INSERT INTO Sales (customer_id, product_id, employee_id, quantity, price, completed, warehouse_id) VALUES 
(1, 1, 9, 5, 120000, TRUE, 1),
(2, 2, 9, 10, 80000, TRUE, 2),
(3, 3, 10, 20, 15000, TRUE, 1),
(4, 4, 9, 2, 150000, TRUE, 3),
(5, 5, 10, 8, 45000, TRUE, 2),
(1, 6, 9, 15, 25000, TRUE, 4),
(2, 7, 10, 12, 12000, TRUE, 5),
(3, 8, 9, 3, 50000, TRUE, 3),
(4, 9, 10, 4, 70000, TRUE, 1),
(5, 10, 9, 25, 5000, TRUE, 5),
(6, 11, 10, 30, 3000, TRUE, 4),
(7, 12, 9, 7, 10000, TRUE, 2),
(8, 13, 10, 5, 35000, TRUE, 3),
(9, 14, 9, 10, 8000, FALSE, 4),
(10, 15, 10, 12, 9000, FALSE, 5),
(1, 2, 9, 5, 80000, FALSE, 2),
(2, 5, 10, 3, 45000, FALSE, 2),
(3, 4, 9, 1, 150000, FALSE, 3),
(4, 1, 10, 2, 120000, FALSE, 1),
(5, 9, 9, 1, 70000, FALSE, 1);
